{"cameraMode":{"drawMode":0,"name":"Shaded","section":"Shading Mode"},"sceneLighting":true,"audioPlay":false,"sceneViewState":{"showFog":true,"showMaterialUpdate":false,"showSkybox":true,"showFlares":true,"showImageEffects":true,"showParticleSystems":true},"in2DMode":false,"pivot":{"x":41.22075653076172,"y":3.0556156635284426,"z":1.8784313201904297},"rotation":{"x":-0.07160431146621704,"y":-0.7329342365264893,"z":-0.0780966505408287,"w":0.6719979047775269},"size":7.795694351196289,"orthographic":false}