{"cameraMode":{"drawMode":0,"name":"Shaded","section":"Shading Mode"},"sceneLighting":true,"audioPlay":false,"sceneViewState":{"showFog":true,"showMaterialUpdate":false,"showSkybox":true,"showFlares":true,"showImageEffects":true,"showParticleSystems":true},"in2DMode":false,"pivot":{"x":-232.1699981689453,"y":-54.7133903503418,"z":-33.06634521484375},"rotation":{"x":0.06489048898220062,"y":-0.7684758901596069,"z":0.0789460763335228,"w":0.6316657066345215},"size":301.65411376953127,"orthographic":false}