{"cameraMode":{"drawMode":0,"name":"Shaded","section":"Shading Mode"},"sceneLighting":true,"audioPlay":false,"sceneViewState":{"showFog":true,"showMaterialUpdate":false,"showSkybox":true,"showFlares":true,"showImageEffects":true,"showParticleSystems":true},"in2DMode":false,"pivot":{"x":210.71083068847657,"y":7.617506980895996,"z":103.91441345214844},"rotation":{"x":-0.04085338115692139,"y":-0.6324216723442078,"z":0.03343101590871811,"w":-0.7728235721588135},"size":122.63790130615235,"orthographic":false}