{"cameraMode":{"drawMode":0,"name":"Shaded","section":"Shading Mode"},"sceneLighting":true,"audioPlay":false,"sceneViewState":{"showFog":true,"showMaterialUpdate":false,"showSkybox":true,"showFlares":true,"showImageEffects":true,"showParticleSystems":true},"in2DMode":false,"pivot":{"x":14.032247543334961,"y":4.376396179199219,"z":-2.4883439540863039},"rotation":{"x":-0.007107898127287626,"y":0.5728024244308472,"z":0.004971186630427837,"w":0.8196476101875305},"size":18.8647403717041,"orthographic":false}