{"cameraMode":{"drawMode":0,"name":"Shaded","section":"Shading Mode"},"sceneLighting":true,"audioPlay":false,"sceneViewState":{"showFog":true,"showMaterialUpdate":false,"showSkybox":true,"showFlares":true,"showImageEffects":true,"showParticleSystems":true},"in2DMode":false,"pivot":{"x":76.56253051757813,"y":16.701988220214845,"z":93.70404052734375},"rotation":{"x":-0.30648353695869448,"y":-0.5061365962028503,"z":0.1985354870557785,"w":-0.781330406665802},"size":26.899974822998048,"orthographic":false}