{"cameraMode":{"drawMode":0,"name":"Shaded","section":"Shading Mode"},"sceneLighting":true,"audioPlay":false,"sceneViewState":{"showFog":true,"showMaterialUpdate":false,"showSkybox":true,"showFlares":true,"showImageEffects":true,"showParticleSystems":true},"in2DMode":false,"pivot":{"x":-132.34161376953126,"y":14.40880012512207,"z":-85.82324981689453},"rotation":{"x":-0.007864476181566716,"y":0.9178678393363953,"z":-0.018211087211966516,"w":-0.3963901698589325},"size":234.04376220703126,"orthographic":false}