{"cameraMode":{"drawMode":0,"name":"Shaded","section":"Shading Mode"},"sceneLighting":false,"audioPlay":false,"sceneViewState":{"showFog":true,"showMaterialUpdate":false,"showSkybox":true,"showFlares":true,"showImageEffects":true,"showParticleSystems":true},"in2DMode":false,"pivot":{"x":-1.8330045938491822,"y":0.4193737208843231,"z":0.4654722511768341},"rotation":{"x":0.04259297251701355,"y":0.44816237688064577,"z":0.021380364894866945,"w":-0.8926809430122376},"size":3.777022361755371,"orthographic":false}