{"cameraMode":{"drawMode":0,"name":"Shaded","section":"Shading Mode"},"sceneLighting":true,"audioPlay":false,"sceneViewState":{"showFog":true,"showMaterialUpdate":false,"showSkybox":true,"showFlares":true,"showImageEffects":true,"showParticleSystems":true},"in2DMode":false,"pivot":{"x":20.128219604492189,"y":36.860389709472659,"z":39.24217987060547},"rotation":{"x":0.0005899090319871903,"y":0.7671300768852234,"z":-0.6414909958839417,"w":0.0007033997680991888},"size":24.42353057861328,"orthographic":false}