{"cameraMode":{"drawMode":0,"name":"Shaded","section":"Shading Mode"},"sceneLighting":false,"audioPlay":false,"sceneViewState":{"showFog":true,"showMaterialUpdate":false,"showSkybox":true,"showFlares":true,"showImageEffects":true,"showParticleSystems":true},"in2DMode":false,"pivot":{"x":26.58849334716797,"y":5.732266426086426,"z":15.247790336608887},"rotation":{"x":0.28508105874061587,"y":0.6366179585456848,"z":-0.2737233638763428,"w":0.6622098088264465},"size":1.6991276741027833,"orthographic":false}