{"cameraMode":{"drawMode":0,"name":"Shaded","section":"Shading Mode"},"sceneLighting":true,"audioPlay":false,"sceneViewState":{"showFog":true,"showMaterialUpdate":false,"showSkybox":true,"showFlares":true,"showImageEffects":true,"showParticleSystems":true},"in2DMode":false,"pivot":{"x":-7.040240287780762,"y":7.141338348388672,"z":-5.356571197509766},"rotation":{"x":0.0869448259472847,"y":-0.7101720571517944,"z":0.0891115739941597,"w":0.6929324269294739},"size":23.21282386779785,"orthographic":false}