{"cameraMode":{"drawMode":0,"name":"Shaded","section":"Shading Mode"},"sceneLighting":true,"audioPlay":false,"sceneViewState":{"showFog":true,"showMaterialUpdate":false,"showSkybox":true,"showFlares":true,"showImageEffects":true,"showParticleSystems":true},"in2DMode":false,"pivot":{"x":-212.97860717773438,"y":-99.50183868408203,"z":-61.98297119140625},"rotation":{"x":0.13077230751514436,"y":-0.7773898243904114,"z":0.17209908366203309,"w":0.5907162427902222},"size":370.1553955078125,"orthographic":false}