{"cameraMode":{"drawMode":0,"name":"Shaded","section":"Shading Mode"},"sceneLighting":true,"audioPlay":false,"sceneViewState":{"showFog":true,"showMaterialUpdate":false,"showSkybox":true,"showFlares":true,"showImageEffects":true,"showParticleSystems":true},"in2DMode":false,"pivot":{"x":109.0276870727539,"y":72.76801300048828,"z":19.684833526611329},"rotation":{"x":0.3960989713668823,"y":0.5170730352401733,"z":-0.2925383746623993,"w":0.7001160383224487},"size":111.32479858398438,"orthographic":false}