{"cameraMode":{"drawMode":0,"name":"Shaded","section":"Shading Mode"},"sceneLighting":true,"audioPlay":false,"sceneViewState":{"showFog":true,"showMaterialUpdate":false,"showSkybox":true,"showFlares":true,"showImageEffects":true,"showParticleSystems":true},"in2DMode":false,"pivot":{"x":-8.867486953735352,"y":-42.143585205078128,"z":66.2317886352539},"rotation":{"x":-0.04573844000697136,"y":0.1601165235042572,"z":-0.00742665771394968,"w":-0.9860098958015442},"size":70.56605529785156,"orthographic":false}