{"cameraMode":{"drawMode":0,"name":"Shaded","section":"Shading Mode"},"sceneLighting":false,"audioPlay":false,"sceneViewState":{"showFog":true,"showMaterialUpdate":false,"showSkybox":true,"showFlares":true,"showImageEffects":true,"showParticleSystems":true},"in2DMode":false,"pivot":{"x":27.882816314697267,"y":5.682535648345947,"z":15.382484436035157},"rotation":{"x":-0.018380193039774896,"y":-0.94661545753479,"z":-0.05413133278489113,"w":0.3172556161880493},"size":1.6991276741027833,"orthographic":false}