{"cameraMode":{"drawMode":0,"name":"Shaded","section":"Shading Mode"},"sceneLighting":true,"audioPlay":false,"sceneViewState":{"showFog":true,"showMaterialUpdate":false,"showSkybox":true,"showFlares":true,"showImageEffects":true,"showParticleSystems":true},"in2DMode":false,"pivot":{"x":12.085029602050782,"y":20.702302932739259,"z":27.805233001708986},"rotation":{"x":-0.06242193654179573,"y":0.9320161938667297,"z":-0.2995399534702301,"w":-0.1942298412322998},"size":140.67420959472657,"orthographic":false}