{"cameraMode":{"drawMode":0,"name":"Shaded","section":"Shading Mode"},"sceneLighting":true,"audioPlay":false,"sceneViewState":{"showFog":true,"showMaterialUpdate":false,"showSkybox":true,"showFlares":true,"showImageEffects":true,"showParticleSystems":true},"in2DMode":false,"pivot":{"x":-11.06628704071045,"y":-2.3493404388427736,"z":-1.5293827056884766},"rotation":{"x":-0.16332697868347169,"y":0.819537341594696,"z":-0.28512439131736758,"w":-0.4694538712501526},"size":36.3419075012207,"orthographic":false}